Product Details,ASIN,Brand,Price,Link,Size,BSR,FBA Fees,Active Sellers #,Ratings,Review Count,Images,Review velocity,Buy Box,Category,Size Tier,Delivery,Dimensions,Weight,Creation Date
"($) 256GB SD Card Memory Card Class 10 Flash Memory Card High Speed Security Digital Memory Card for CaHZorders,Videographers&Vloggers(256GB)",B08XZFN321,HUNYEIZ,$23.89 ,https://amzn.to/3zsAjyc,256,863,$4.41 ,1,5,1,8,0,shanghongus,Micro SD Memory Cards,Small Standard-Size,FBA,2.8x4.0x0.3,0.02,3/4/2021
"($) 256GB Micro SD Card Class 10 Flash Memory Card 256GB High Speed Card with a SD Card Adapter for Cellphone,Surveillance,Camera,Tachograph,Tablet,Computers,Drone",B08TR1YWKN,nuiflash,$21.68 ,https://amzn.to/3iJjEQH,256,663,$4.23 ,1,4,134,6,21,KWER Direct,Micro SD Memory Cards,Small Standard-Size,FBA,2.9x4.9x0.5,0.02,3/7/2021
SAMSUNG: EVO Select 128GB MicroSDXC UHS-I U3 100MB/s Full HD & 4K UHD Memory Card with Adapter (MB-ME128HA),B0887GP791,SAMSUNG,$19.99 ,https://amzn.to/3zv0S5y,128,1,$4.09 ,6,4.8,145612,8,"5,903",Amazon,Micro SD Memory Cards,Small Standard-Size,AMZ,3.9x5.5x0.4,0.11,5/24/2020
"SanDisk 128GB Ultra MicroSDXC UHS-I Memory Card with Adapter - 120MB/s, C10, U1, Full HD, A1, Micro SD Card - SDSQUA4-128G-GN6MA",B08GYKNCCP,SanDisk,$18.99 ,https://amzn.to/3vsVX1X,128,2,$4.01 ,22,4.8,50793,6,"3,047",Amazon,Micro SD Memory Cards,Small Standard-Size,AMZ,4.2x6.0x0.5,0.04,9/28/2020
"SanDisk 128GB Extreme PRO SDXC UHS-I Card - C10, U3, V30, 4K UHD, SD Card - SDSDXXY-128G-GN4IN",B07H9DVLBB,SanDisk,$33.02 ,https://amzn.to/35kdlv1,128,1,$6.13 ,26,4.8,67233,6,"19,043",Sales For You,SecureDigital Memory Cards,Small Standard-Size,FBA,4.1x5.9x0.6,0.04,1/17/2019
"Micro Center 32GB Class 10 Micro SDHC Flash Memory Card with Adapter for Mobile Device Storage Phone, Tablet, Drone & Full HD Video Recording - 80MB/s UHS-I, C10, U1 (2 Pack)",B07K81Z6DF,Inland,$5.99 ,https://amzn.to/3gqsotK,32,10,$3.26 ,2,4.7,51058,7,"1,830",Micro Center,Micro SD Memory Cards,Small Standard-Size,FBA,2.2x2.3x0.6,0.05,11/6/2018
"($) TEAMGROUP UHS-I Card 32GB -5PACK Micro SDHC Class 10 U1 Meomry Card with Adapter for Camera, Surveillance, Full HD Shooting TUSDH32GUHS59",B083TJGNTJ,TEAMGROUP,$9.99 ,https://amzn.to/3pUVmEZ,64,580,$6.30 ,1,4.7,2070,8,58,TEAMGROUP Inc.,Micro SD Memory Cards,Large Standard-Size,FBA,5.3x7.1x1.0,0.1,1/13/2020
"SanDisk 128GB Ultra SDXC UHS-I Memory Card - 120MB/s, C10, U1, Full HD, SD Card - SDSDUN4-128G-GN6IN",B08GY61ZZN,SanDisk,$18.49 ,https://amzn.to/35mdgqT,128,3,$3.98 ,19,4.7,9557,6,-894,Amazon,SecureDigital Memory Cards,Small Standard-Size,FBA,3.9x5.9x0.3,0.02,9/28/2020
"SanDisk 128GB Extreme SDXC UHS-I Card - C10, U3, V30, 4K UHD, SD Card - SDSDXV5-128G-GNCIN",B07H48412Q,SanDisk,$9.79 ,https://amzn.to/3xmuuQL,32,6,$4.45 ,25,4.8,24377,6,"6,857",Amazon Warehouse,SecureDigital Memory Cards,Small Standard-Size,FBA,4.0x5.9x0.2,0.03,9/14/2018
"SanDisk 256GB Extreme MicroSDXC UHS-I Memory Card with Adapter - C10, U3, V30, 4K, A2, Micro SD - SDSQXA1-256G-GN6MA",B07FCR3316,SanDisk,$224.40 ,https://amzn.to/3zBQzwX,1 tb,11,$7.07 ,15,4.8,128994,6,"85,706",Amazon,Micro SD Memory Cards,Small Standard-Size,FBA,3.9x5.9x0.2,0.04,8/20/2018
"SanDisk 128GB Ultra SDXC UHS-I Memory Card - 100MB/s, C10, U1, Full HD, SD Card - SDSDUNR-128G-GN6IN",B07YFGG1SD,SanDisk,$20.49 ,https://amzn.to/2SzLgNI,128,7,$4.13 ,20,4.7,49168,3,"5,533",Amazon,SecureDigital Memory Cards,Small Standard-Size,FBA,3.9x6.0x0.3,0.02,10/4/2019
